./dataset/MMU-Iris-2/010101.bmp,./dataset/MMU-Iris-2/010102.bmp,1
./dataset/MMU-Iris-2/010101.bmp,./dataset/MMU-Iris-2/010103.bmp,1
./dataset/MMU-Iris-2/010101.bmp,./dataset/MMU-Iris-2/010104.bmp,1
./dataset/MMU-Iris-2/010101.bmp,./dataset/MMU-Iris-2/010105.bmp,1
./dataset/MMU-Iris-2/010102.bmp,./dataset/MMU-Iris-2/010103.bmp,1
./dataset/MMU-Iris-2/010102.bmp,./dataset/MMU-Iris-2/010104.bmp,1
./dataset/MMU-Iris-2/010102.bmp,./dataset/MMU-Iris-2/010105.bmp,1
./dataset/MMU-Iris-2/010103.bmp,./dataset/MMU-Iris-2/010104.bmp,1
./dataset/MMU-Iris-2/010103.bmp,./dataset/MMU-Iris-2/010105.bmp,1
./dataset/MMU-Iris-2/010104.bmp,./dataset/MMU-Iris-2/010105.bmp,1
./dataset/MMU-Iris-2/020101.bmp,./dataset/MMU-Iris-2/020102.bmp,1
./dataset/MMU-Iris-2/020101.bmp,./dataset/MMU-Iris-2/020103.bmp,1
./dataset/MMU-Iris-2/020101.bmp,./dataset/MMU-Iris-2/020104.bmp,1
./dataset/MMU-Iris-2/020101.bmp,./dataset/MMU-Iris-2/020105.bmp,1
./dataset/MMU-Iris-2/020102.bmp,./dataset/MMU-Iris-2/020103.bmp,1
./dataset/MMU-Iris-2/020102.bmp,./dataset/MMU-Iris-2/020104.bmp,1
./dataset/MMU-Iris-2/020102.bmp,./dataset/MMU-Iris-2/020105.bmp,1
./dataset/MMU-Iris-2/020103.bmp,./dataset/MMU-Iris-2/020104.bmp,1
./dataset/MMU-Iris-2/020103.bmp,./dataset/MMU-Iris-2/020105.bmp,1
./dataset/MMU-Iris-2/020104.bmp,./dataset/MMU-Iris-2/020105.bmp,1
./dataset/MMU-Iris-2/030101.bmp,./dataset/MMU-Iris-2/030102.bmp,1
./dataset/MMU-Iris-2/030101.bmp,./dataset/MMU-Iris-2/030103.bmp,1
./dataset/MMU-Iris-2/030101.bmp,./dataset/MMU-Iris-2/030104.bmp,1
./dataset/MMU-Iris-2/030101.bmp,./dataset/MMU-Iris-2/030105.bmp,1
./dataset/MMU-Iris-2/030102.bmp,./dataset/MMU-Iris-2/030103.bmp,1
./dataset/MMU-Iris-2/030102.bmp,./dataset/MMU-Iris-2/030104.bmp,1
./dataset/MMU-Iris-2/030102.bmp,./dataset/MMU-Iris-2/030105.bmp,1
./dataset/MMU-Iris-2/030103.bmp,./dataset/MMU-Iris-2/030104.bmp,1
./dataset/MMU-Iris-2/030103.bmp,./dataset/MMU-Iris-2/030105.bmp,1
./dataset/MMU-Iris-2/030104.bmp,./dataset/MMU-Iris-2/030105.bmp,1
./dataset/MMU-Iris-2/040101.bmp,./dataset/MMU-Iris-2/040102.bmp,1
./dataset/MMU-Iris-2/040101.bmp,./dataset/MMU-Iris-2/040103.bmp,1
./dataset/MMU-Iris-2/040101.bmp,./dataset/MMU-Iris-2/040104.bmp,1
./dataset/MMU-Iris-2/040101.bmp,./dataset/MMU-Iris-2/040105.bmp,1
./dataset/MMU-Iris-2/040102.bmp,./dataset/MMU-Iris-2/040103.bmp,1
./dataset/MMU-Iris-2/040102.bmp,./dataset/MMU-Iris-2/040104.bmp,1
./dataset/MMU-Iris-2/040102.bmp,./dataset/MMU-Iris-2/040105.bmp,1
./dataset/MMU-Iris-2/040103.bmp,./dataset/MMU-Iris-2/040104.bmp,1
./dataset/MMU-Iris-2/040103.bmp,./dataset/MMU-Iris-2/040105.bmp,1
./dataset/MMU-Iris-2/040104.bmp,./dataset/MMU-Iris-2/040105.bmp,1
./dataset/MMU-Iris-2/050101.bmp,./dataset/MMU-Iris-2/050102.bmp,1
./dataset/MMU-Iris-2/050101.bmp,./dataset/MMU-Iris-2/050103.bmp,1
./dataset/MMU-Iris-2/050101.bmp,./dataset/MMU-Iris-2/050104.bmp,1
./dataset/MMU-Iris-2/050101.bmp,./dataset/MMU-Iris-2/050105.bmp,1
./dataset/MMU-Iris-2/050102.bmp,./dataset/MMU-Iris-2/050103.bmp,1
./dataset/MMU-Iris-2/050102.bmp,./dataset/MMU-Iris-2/050104.bmp,1
./dataset/MMU-Iris-2/050102.bmp,./dataset/MMU-Iris-2/050105.bmp,1
./dataset/MMU-Iris-2/050103.bmp,./dataset/MMU-Iris-2/050104.bmp,1
./dataset/MMU-Iris-2/050103.bmp,./dataset/MMU-Iris-2/050105.bmp,1
./dataset/MMU-Iris-2/050104.bmp,./dataset/MMU-Iris-2/050105.bmp,1
./dataset/MMU-Iris-2/060101.bmp,./dataset/MMU-Iris-2/060102.bmp,1
./dataset/MMU-Iris-2/060101.bmp,./dataset/MMU-Iris-2/060103.bmp,1
./dataset/MMU-Iris-2/060101.bmp,./dataset/MMU-Iris-2/060104.bmp,1
./dataset/MMU-Iris-2/060101.bmp,./dataset/MMU-Iris-2/060105.bmp,1
./dataset/MMU-Iris-2/060102.bmp,./dataset/MMU-Iris-2/060103.bmp,1
./dataset/MMU-Iris-2/060102.bmp,./dataset/MMU-Iris-2/060104.bmp,1
./dataset/MMU-Iris-2/060102.bmp,./dataset/MMU-Iris-2/060105.bmp,1
./dataset/MMU-Iris-2/060103.bmp,./dataset/MMU-Iris-2/060104.bmp,1
./dataset/MMU-Iris-2/060103.bmp,./dataset/MMU-Iris-2/060105.bmp,1
./dataset/MMU-Iris-2/060104.bmp,./dataset/MMU-Iris-2/060105.bmp,1
./dataset/MMU-Iris-2/070101.bmp,./dataset/MMU-Iris-2/070102.bmp,1
./dataset/MMU-Iris-2/070101.bmp,./dataset/MMU-Iris-2/070103.bmp,1
./dataset/MMU-Iris-2/070101.bmp,./dataset/MMU-Iris-2/070104.bmp,1
./dataset/MMU-Iris-2/070101.bmp,./dataset/MMU-Iris-2/070105.bmp,1
./dataset/MMU-Iris-2/070102.bmp,./dataset/MMU-Iris-2/070103.bmp,1
./dataset/MMU-Iris-2/070102.bmp,./dataset/MMU-Iris-2/070104.bmp,1
./dataset/MMU-Iris-2/070102.bmp,./dataset/MMU-Iris-2/070105.bmp,1
./dataset/MMU-Iris-2/070103.bmp,./dataset/MMU-Iris-2/070104.bmp,1
./dataset/MMU-Iris-2/070103.bmp,./dataset/MMU-Iris-2/070105.bmp,1
./dataset/MMU-Iris-2/070104.bmp,./dataset/MMU-Iris-2/070105.bmp,1
./dataset/MMU-Iris-2/080101.bmp,./dataset/MMU-Iris-2/080102.bmp,1
./dataset/MMU-Iris-2/080101.bmp,./dataset/MMU-Iris-2/080103.bmp,1
./dataset/MMU-Iris-2/080101.bmp,./dataset/MMU-Iris-2/080104.bmp,1
./dataset/MMU-Iris-2/080101.bmp,./dataset/MMU-Iris-2/080105.bmp,1
./dataset/MMU-Iris-2/080102.bmp,./dataset/MMU-Iris-2/080103.bmp,1
./dataset/MMU-Iris-2/080102.bmp,./dataset/MMU-Iris-2/080104.bmp,1
./dataset/MMU-Iris-2/080102.bmp,./dataset/MMU-Iris-2/080105.bmp,1
./dataset/MMU-Iris-2/080103.bmp,./dataset/MMU-Iris-2/080104.bmp,1
./dataset/MMU-Iris-2/080103.bmp,./dataset/MMU-Iris-2/080105.bmp,1
./dataset/MMU-Iris-2/080104.bmp,./dataset/MMU-Iris-2/080105.bmp,1
./dataset/MMU-Iris-2/090101.bmp,./dataset/MMU-Iris-2/090102.bmp,1
./dataset/MMU-Iris-2/090101.bmp,./dataset/MMU-Iris-2/090103.bmp,1
./dataset/MMU-Iris-2/090101.bmp,./dataset/MMU-Iris-2/090104.bmp,1
./dataset/MMU-Iris-2/090101.bmp,./dataset/MMU-Iris-2/090105.bmp,1
./dataset/MMU-Iris-2/090102.bmp,./dataset/MMU-Iris-2/090103.bmp,1
./dataset/MMU-Iris-2/090102.bmp,./dataset/MMU-Iris-2/090104.bmp,1
./dataset/MMU-Iris-2/090102.bmp,./dataset/MMU-Iris-2/090105.bmp,1
./dataset/MMU-Iris-2/090103.bmp,./dataset/MMU-Iris-2/090104.bmp,1
./dataset/MMU-Iris-2/090103.bmp,./dataset/MMU-Iris-2/090105.bmp,1
./dataset/MMU-Iris-2/090104.bmp,./dataset/MMU-Iris-2/090105.bmp,1
./dataset/MMU-Iris-2/100101.bmp,./dataset/MMU-Iris-2/100102.bmp,1
./dataset/MMU-Iris-2/100101.bmp,./dataset/MMU-Iris-2/100103.bmp,1
./dataset/MMU-Iris-2/100101.bmp,./dataset/MMU-Iris-2/100104.bmp,1
./dataset/MMU-Iris-2/100101.bmp,./dataset/MMU-Iris-2/100105.bmp,1
./dataset/MMU-Iris-2/100102.bmp,./dataset/MMU-Iris-2/100103.bmp,1
./dataset/MMU-Iris-2/100102.bmp,./dataset/MMU-Iris-2/100104.bmp,1
./dataset/MMU-Iris-2/100102.bmp,./dataset/MMU-Iris-2/100105.bmp,1
./dataset/MMU-Iris-2/100103.bmp,./dataset/MMU-Iris-2/100104.bmp,1
./dataset/MMU-Iris-2/100103.bmp,./dataset/MMU-Iris-2/100105.bmp,1
./dataset/MMU-Iris-2/100104.bmp,./dataset/MMU-Iris-2/100105.bmp,1
./dataset/MMU-Iris-2/110101.bmp,./dataset/MMU-Iris-2/110102.bmp,1
./dataset/MMU-Iris-2/110101.bmp,./dataset/MMU-Iris-2/110103.bmp,1
./dataset/MMU-Iris-2/110101.bmp,./dataset/MMU-Iris-2/110104.bmp,1
./dataset/MMU-Iris-2/110101.bmp,./dataset/MMU-Iris-2/110105.bmp,1
./dataset/MMU-Iris-2/110102.bmp,./dataset/MMU-Iris-2/110103.bmp,1
./dataset/MMU-Iris-2/110102.bmp,./dataset/MMU-Iris-2/110104.bmp,1
./dataset/MMU-Iris-2/110102.bmp,./dataset/MMU-Iris-2/110105.bmp,1
./dataset/MMU-Iris-2/110103.bmp,./dataset/MMU-Iris-2/110104.bmp,1
./dataset/MMU-Iris-2/110103.bmp,./dataset/MMU-Iris-2/110105.bmp,1
./dataset/MMU-Iris-2/110104.bmp,./dataset/MMU-Iris-2/110105.bmp,1
./dataset/MMU-Iris-2/120101.bmp,./dataset/MMU-Iris-2/120102.bmp,1
./dataset/MMU-Iris-2/120101.bmp,./dataset/MMU-Iris-2/120103.bmp,1
./dataset/MMU-Iris-2/120101.bmp,./dataset/MMU-Iris-2/120104.bmp,1
./dataset/MMU-Iris-2/120101.bmp,./dataset/MMU-Iris-2/120105.bmp,1
./dataset/MMU-Iris-2/120102.bmp,./dataset/MMU-Iris-2/120103.bmp,1
./dataset/MMU-Iris-2/120102.bmp,./dataset/MMU-Iris-2/120104.bmp,1
./dataset/MMU-Iris-2/120102.bmp,./dataset/MMU-Iris-2/120105.bmp,1
./dataset/MMU-Iris-2/120103.bmp,./dataset/MMU-Iris-2/120104.bmp,1
./dataset/MMU-Iris-2/120103.bmp,./dataset/MMU-Iris-2/120105.bmp,1
./dataset/MMU-Iris-2/120104.bmp,./dataset/MMU-Iris-2/120105.bmp,1
./dataset/MMU-Iris-2/130101.bmp,./dataset/MMU-Iris-2/130102.bmp,1
./dataset/MMU-Iris-2/130101.bmp,./dataset/MMU-Iris-2/130103.bmp,1
./dataset/MMU-Iris-2/130101.bmp,./dataset/MMU-Iris-2/130104.bmp,1
./dataset/MMU-Iris-2/130101.bmp,./dataset/MMU-Iris-2/130105.bmp,1
./dataset/MMU-Iris-2/130102.bmp,./dataset/MMU-Iris-2/130103.bmp,1
./dataset/MMU-Iris-2/130102.bmp,./dataset/MMU-Iris-2/130104.bmp,1
./dataset/MMU-Iris-2/130102.bmp,./dataset/MMU-Iris-2/130105.bmp,1
./dataset/MMU-Iris-2/130103.bmp,./dataset/MMU-Iris-2/130104.bmp,1
./dataset/MMU-Iris-2/130103.bmp,./dataset/MMU-Iris-2/130105.bmp,1
./dataset/MMU-Iris-2/130104.bmp,./dataset/MMU-Iris-2/130105.bmp,1
./dataset/MMU-Iris-2/140101.bmp,./dataset/MMU-Iris-2/140102.bmp,1
./dataset/MMU-Iris-2/140101.bmp,./dataset/MMU-Iris-2/140103.bmp,1
./dataset/MMU-Iris-2/140101.bmp,./dataset/MMU-Iris-2/140104.bmp,1
./dataset/MMU-Iris-2/140101.bmp,./dataset/MMU-Iris-2/140105.bmp,1
./dataset/MMU-Iris-2/140102.bmp,./dataset/MMU-Iris-2/140103.bmp,1
./dataset/MMU-Iris-2/140102.bmp,./dataset/MMU-Iris-2/140104.bmp,1
./dataset/MMU-Iris-2/140102.bmp,./dataset/MMU-Iris-2/140105.bmp,1
./dataset/MMU-Iris-2/140103.bmp,./dataset/MMU-Iris-2/140104.bmp,1
./dataset/MMU-Iris-2/140103.bmp,./dataset/MMU-Iris-2/140105.bmp,1
./dataset/MMU-Iris-2/140104.bmp,./dataset/MMU-Iris-2/140105.bmp,1
./dataset/MMU-Iris-2/150101.bmp,./dataset/MMU-Iris-2/150102.bmp,1
./dataset/MMU-Iris-2/150101.bmp,./dataset/MMU-Iris-2/150103.bmp,1
./dataset/MMU-Iris-2/150101.bmp,./dataset/MMU-Iris-2/150104.bmp,1
./dataset/MMU-Iris-2/150101.bmp,./dataset/MMU-Iris-2/150105.bmp,1
./dataset/MMU-Iris-2/150102.bmp,./dataset/MMU-Iris-2/150103.bmp,1
./dataset/MMU-Iris-2/150102.bmp,./dataset/MMU-Iris-2/150104.bmp,1
./dataset/MMU-Iris-2/150102.bmp,./dataset/MMU-Iris-2/150105.bmp,1
./dataset/MMU-Iris-2/150103.bmp,./dataset/MMU-Iris-2/150104.bmp,1
./dataset/MMU-Iris-2/150103.bmp,./dataset/MMU-Iris-2/150105.bmp,1
./dataset/MMU-Iris-2/150104.bmp,./dataset/MMU-Iris-2/150105.bmp,1
./dataset/MMU-Iris-2/160101.bmp,./dataset/MMU-Iris-2/160102.bmp,1
./dataset/MMU-Iris-2/160101.bmp,./dataset/MMU-Iris-2/160103.bmp,1
./dataset/MMU-Iris-2/160101.bmp,./dataset/MMU-Iris-2/160104.bmp,1
./dataset/MMU-Iris-2/160101.bmp,./dataset/MMU-Iris-2/160105.bmp,1
./dataset/MMU-Iris-2/160102.bmp,./dataset/MMU-Iris-2/160103.bmp,1
./dataset/MMU-Iris-2/160102.bmp,./dataset/MMU-Iris-2/160104.bmp,1
./dataset/MMU-Iris-2/160102.bmp,./dataset/MMU-Iris-2/160105.bmp,1
./dataset/MMU-Iris-2/160103.bmp,./dataset/MMU-Iris-2/160104.bmp,1
./dataset/MMU-Iris-2/160103.bmp,./dataset/MMU-Iris-2/160105.bmp,1
./dataset/MMU-Iris-2/160104.bmp,./dataset/MMU-Iris-2/160105.bmp,1
./dataset/MMU-Iris-2/170101.bmp,./dataset/MMU-Iris-2/170102.bmp,1
./dataset/MMU-Iris-2/170101.bmp,./dataset/MMU-Iris-2/170103.bmp,1
./dataset/MMU-Iris-2/170101.bmp,./dataset/MMU-Iris-2/170104.bmp,1
./dataset/MMU-Iris-2/170101.bmp,./dataset/MMU-Iris-2/170105.bmp,1
./dataset/MMU-Iris-2/170102.bmp,./dataset/MMU-Iris-2/170103.bmp,1
./dataset/MMU-Iris-2/170102.bmp,./dataset/MMU-Iris-2/170104.bmp,1
./dataset/MMU-Iris-2/170102.bmp,./dataset/MMU-Iris-2/170105.bmp,1
./dataset/MMU-Iris-2/170103.bmp,./dataset/MMU-Iris-2/170104.bmp,1
./dataset/MMU-Iris-2/170103.bmp,./dataset/MMU-Iris-2/170105.bmp,1
./dataset/MMU-Iris-2/170104.bmp,./dataset/MMU-Iris-2/170105.bmp,1
./dataset/MMU-Iris-2/180101.bmp,./dataset/MMU-Iris-2/180102.bmp,1
./dataset/MMU-Iris-2/180101.bmp,./dataset/MMU-Iris-2/180103.bmp,1
./dataset/MMU-Iris-2/180101.bmp,./dataset/MMU-Iris-2/180104.bmp,1
./dataset/MMU-Iris-2/180101.bmp,./dataset/MMU-Iris-2/180105.bmp,1
./dataset/MMU-Iris-2/180102.bmp,./dataset/MMU-Iris-2/180103.bmp,1
./dataset/MMU-Iris-2/180102.bmp,./dataset/MMU-Iris-2/180104.bmp,1
./dataset/MMU-Iris-2/180102.bmp,./dataset/MMU-Iris-2/180105.bmp,1
./dataset/MMU-Iris-2/180103.bmp,./dataset/MMU-Iris-2/180104.bmp,1
./dataset/MMU-Iris-2/180103.bmp,./dataset/MMU-Iris-2/180105.bmp,1
./dataset/MMU-Iris-2/180104.bmp,./dataset/MMU-Iris-2/180105.bmp,1
./dataset/MMU-Iris-2/190101.bmp,./dataset/MMU-Iris-2/190102.bmp,1
./dataset/MMU-Iris-2/190101.bmp,./dataset/MMU-Iris-2/190103.bmp,1
./dataset/MMU-Iris-2/190101.bmp,./dataset/MMU-Iris-2/190104.bmp,1
./dataset/MMU-Iris-2/190101.bmp,./dataset/MMU-Iris-2/190105.bmp,1
./dataset/MMU-Iris-2/190102.bmp,./dataset/MMU-Iris-2/190103.bmp,1
./dataset/MMU-Iris-2/190102.bmp,./dataset/MMU-Iris-2/190104.bmp,1
./dataset/MMU-Iris-2/190102.bmp,./dataset/MMU-Iris-2/190105.bmp,1
./dataset/MMU-Iris-2/190103.bmp,./dataset/MMU-Iris-2/190104.bmp,1
./dataset/MMU-Iris-2/190103.bmp,./dataset/MMU-Iris-2/190105.bmp,1
./dataset/MMU-Iris-2/190104.bmp,./dataset/MMU-Iris-2/190105.bmp,1
./dataset/MMU-Iris-2/200101.bmp,./dataset/MMU-Iris-2/200102.bmp,1
./dataset/MMU-Iris-2/200101.bmp,./dataset/MMU-Iris-2/200103.bmp,1
./dataset/MMU-Iris-2/200101.bmp,./dataset/MMU-Iris-2/200104.bmp,1
./dataset/MMU-Iris-2/200101.bmp,./dataset/MMU-Iris-2/200105.bmp,1
./dataset/MMU-Iris-2/200102.bmp,./dataset/MMU-Iris-2/200103.bmp,1
./dataset/MMU-Iris-2/200102.bmp,./dataset/MMU-Iris-2/200104.bmp,1
./dataset/MMU-Iris-2/200102.bmp,./dataset/MMU-Iris-2/200105.bmp,1
./dataset/MMU-Iris-2/200103.bmp,./dataset/MMU-Iris-2/200104.bmp,1
./dataset/MMU-Iris-2/200103.bmp,./dataset/MMU-Iris-2/200105.bmp,1
./dataset/MMU-Iris-2/200104.bmp,./dataset/MMU-Iris-2/200105.bmp,1
./dataset/MMU-Iris-2/210101.bmp,./dataset/MMU-Iris-2/210102.bmp,1
./dataset/MMU-Iris-2/210101.bmp,./dataset/MMU-Iris-2/210103.bmp,1
./dataset/MMU-Iris-2/210101.bmp,./dataset/MMU-Iris-2/210104.bmp,1
./dataset/MMU-Iris-2/210101.bmp,./dataset/MMU-Iris-2/210105.bmp,1
./dataset/MMU-Iris-2/210102.bmp,./dataset/MMU-Iris-2/210103.bmp,1
./dataset/MMU-Iris-2/210102.bmp,./dataset/MMU-Iris-2/210104.bmp,1
./dataset/MMU-Iris-2/210102.bmp,./dataset/MMU-Iris-2/210105.bmp,1
./dataset/MMU-Iris-2/210103.bmp,./dataset/MMU-Iris-2/210104.bmp,1
./dataset/MMU-Iris-2/210103.bmp,./dataset/MMU-Iris-2/210105.bmp,1
./dataset/MMU-Iris-2/210104.bmp,./dataset/MMU-Iris-2/210105.bmp,1
./dataset/MMU-Iris-2/220101.bmp,./dataset/MMU-Iris-2/220102.bmp,1
./dataset/MMU-Iris-2/220101.bmp,./dataset/MMU-Iris-2/220103.bmp,1
./dataset/MMU-Iris-2/220101.bmp,./dataset/MMU-Iris-2/220104.bmp,1
./dataset/MMU-Iris-2/220101.bmp,./dataset/MMU-Iris-2/220105.bmp,1
./dataset/MMU-Iris-2/220102.bmp,./dataset/MMU-Iris-2/220103.bmp,1
./dataset/MMU-Iris-2/220102.bmp,./dataset/MMU-Iris-2/220104.bmp,1
./dataset/MMU-Iris-2/220102.bmp,./dataset/MMU-Iris-2/220105.bmp,1
./dataset/MMU-Iris-2/220103.bmp,./dataset/MMU-Iris-2/220104.bmp,1
./dataset/MMU-Iris-2/220103.bmp,./dataset/MMU-Iris-2/220105.bmp,1
./dataset/MMU-Iris-2/220104.bmp,./dataset/MMU-Iris-2/220105.bmp,1
./dataset/MMU-Iris-2/230101.bmp,./dataset/MMU-Iris-2/230102.bmp,1
./dataset/MMU-Iris-2/230101.bmp,./dataset/MMU-Iris-2/230103.bmp,1
./dataset/MMU-Iris-2/230101.bmp,./dataset/MMU-Iris-2/230104.bmp,1
./dataset/MMU-Iris-2/230101.bmp,./dataset/MMU-Iris-2/230105.bmp,1
./dataset/MMU-Iris-2/230102.bmp,./dataset/MMU-Iris-2/230103.bmp,1
./dataset/MMU-Iris-2/230102.bmp,./dataset/MMU-Iris-2/230104.bmp,1
./dataset/MMU-Iris-2/230102.bmp,./dataset/MMU-Iris-2/230105.bmp,1
./dataset/MMU-Iris-2/230103.bmp,./dataset/MMU-Iris-2/230104.bmp,1
./dataset/MMU-Iris-2/230103.bmp,./dataset/MMU-Iris-2/230105.bmp,1
./dataset/MMU-Iris-2/230104.bmp,./dataset/MMU-Iris-2/230105.bmp,1
./dataset/MMU-Iris-2/240101.bmp,./dataset/MMU-Iris-2/240102.bmp,1
./dataset/MMU-Iris-2/240101.bmp,./dataset/MMU-Iris-2/240103.bmp,1
./dataset/MMU-Iris-2/240101.bmp,./dataset/MMU-Iris-2/240104.bmp,1
./dataset/MMU-Iris-2/240101.bmp,./dataset/MMU-Iris-2/240105.bmp,1
./dataset/MMU-Iris-2/240102.bmp,./dataset/MMU-Iris-2/240103.bmp,1
./dataset/MMU-Iris-2/240102.bmp,./dataset/MMU-Iris-2/240104.bmp,1
./dataset/MMU-Iris-2/240102.bmp,./dataset/MMU-Iris-2/240105.bmp,1
./dataset/MMU-Iris-2/240103.bmp,./dataset/MMU-Iris-2/240104.bmp,1
./dataset/MMU-Iris-2/240103.bmp,./dataset/MMU-Iris-2/240105.bmp,1
./dataset/MMU-Iris-2/240104.bmp,./dataset/MMU-Iris-2/240105.bmp,1
./dataset/MMU-Iris-2/250101.bmp,./dataset/MMU-Iris-2/250102.bmp,1
./dataset/MMU-Iris-2/250101.bmp,./dataset/MMU-Iris-2/250103.bmp,1
./dataset/MMU-Iris-2/250101.bmp,./dataset/MMU-Iris-2/250104.bmp,1
./dataset/MMU-Iris-2/250101.bmp,./dataset/MMU-Iris-2/250105.bmp,1
./dataset/MMU-Iris-2/250102.bmp,./dataset/MMU-Iris-2/250103.bmp,1
./dataset/MMU-Iris-2/250102.bmp,./dataset/MMU-Iris-2/250104.bmp,1
./dataset/MMU-Iris-2/250102.bmp,./dataset/MMU-Iris-2/250105.bmp,1
./dataset/MMU-Iris-2/250103.bmp,./dataset/MMU-Iris-2/250104.bmp,1
./dataset/MMU-Iris-2/250103.bmp,./dataset/MMU-Iris-2/250105.bmp,1
./dataset/MMU-Iris-2/250104.bmp,./dataset/MMU-Iris-2/250105.bmp,1
./dataset/MMU-Iris-2/260101.bmp,./dataset/MMU-Iris-2/260102.bmp,1
./dataset/MMU-Iris-2/260101.bmp,./dataset/MMU-Iris-2/260103.bmp,1
./dataset/MMU-Iris-2/260101.bmp,./dataset/MMU-Iris-2/260104.bmp,1
./dataset/MMU-Iris-2/260101.bmp,./dataset/MMU-Iris-2/260105.bmp,1
./dataset/MMU-Iris-2/260102.bmp,./dataset/MMU-Iris-2/260103.bmp,1
./dataset/MMU-Iris-2/260102.bmp,./dataset/MMU-Iris-2/260104.bmp,1
./dataset/MMU-Iris-2/260102.bmp,./dataset/MMU-Iris-2/260105.bmp,1
./dataset/MMU-Iris-2/260103.bmp,./dataset/MMU-Iris-2/260104.bmp,1
./dataset/MMU-Iris-2/260103.bmp,./dataset/MMU-Iris-2/260105.bmp,1
./dataset/MMU-Iris-2/260104.bmp,./dataset/MMU-Iris-2/260105.bmp,1
./dataset/MMU-Iris-2/270101.bmp,./dataset/MMU-Iris-2/270102.bmp,1
./dataset/MMU-Iris-2/270101.bmp,./dataset/MMU-Iris-2/270103.bmp,1
./dataset/MMU-Iris-2/270101.bmp,./dataset/MMU-Iris-2/270104.bmp,1
./dataset/MMU-Iris-2/270101.bmp,./dataset/MMU-Iris-2/270105.bmp,1
./dataset/MMU-Iris-2/270102.bmp,./dataset/MMU-Iris-2/270103.bmp,1
./dataset/MMU-Iris-2/270102.bmp,./dataset/MMU-Iris-2/270104.bmp,1
./dataset/MMU-Iris-2/270102.bmp,./dataset/MMU-Iris-2/270105.bmp,1
./dataset/MMU-Iris-2/270103.bmp,./dataset/MMU-Iris-2/270104.bmp,1
./dataset/MMU-Iris-2/270103.bmp,./dataset/MMU-Iris-2/270105.bmp,1
./dataset/MMU-Iris-2/270104.bmp,./dataset/MMU-Iris-2/270105.bmp,1
./dataset/MMU-Iris-2/280101.bmp,./dataset/MMU-Iris-2/280102.bmp,1
./dataset/MMU-Iris-2/280101.bmp,./dataset/MMU-Iris-2/280103.bmp,1
./dataset/MMU-Iris-2/280101.bmp,./dataset/MMU-Iris-2/280104.bmp,1
./dataset/MMU-Iris-2/280101.bmp,./dataset/MMU-Iris-2/280105.bmp,1
./dataset/MMU-Iris-2/280102.bmp,./dataset/MMU-Iris-2/280103.bmp,1
./dataset/MMU-Iris-2/280102.bmp,./dataset/MMU-Iris-2/280104.bmp,1
./dataset/MMU-Iris-2/280102.bmp,./dataset/MMU-Iris-2/280105.bmp,1
./dataset/MMU-Iris-2/280103.bmp,./dataset/MMU-Iris-2/280104.bmp,1
./dataset/MMU-Iris-2/280103.bmp,./dataset/MMU-Iris-2/280105.bmp,1
./dataset/MMU-Iris-2/280104.bmp,./dataset/MMU-Iris-2/280105.bmp,1
./dataset/MMU-Iris-2/290101.bmp,./dataset/MMU-Iris-2/290102.bmp,1
./dataset/MMU-Iris-2/290101.bmp,./dataset/MMU-Iris-2/290103.bmp,1
./dataset/MMU-Iris-2/290101.bmp,./dataset/MMU-Iris-2/290104.bmp,1
./dataset/MMU-Iris-2/290101.bmp,./dataset/MMU-Iris-2/290105.bmp,1
./dataset/MMU-Iris-2/290102.bmp,./dataset/MMU-Iris-2/290103.bmp,1
./dataset/MMU-Iris-2/290102.bmp,./dataset/MMU-Iris-2/290104.bmp,1
./dataset/MMU-Iris-2/290102.bmp,./dataset/MMU-Iris-2/290105.bmp,1
./dataset/MMU-Iris-2/290103.bmp,./dataset/MMU-Iris-2/290104.bmp,1
./dataset/MMU-Iris-2/290103.bmp,./dataset/MMU-Iris-2/290105.bmp,1
./dataset/MMU-Iris-2/290104.bmp,./dataset/MMU-Iris-2/290105.bmp,1
./dataset/MMU-Iris-2/300101.bmp,./dataset/MMU-Iris-2/300102.bmp,1
./dataset/MMU-Iris-2/300101.bmp,./dataset/MMU-Iris-2/300103.bmp,1
./dataset/MMU-Iris-2/300101.bmp,./dataset/MMU-Iris-2/300104.bmp,1
./dataset/MMU-Iris-2/300101.bmp,./dataset/MMU-Iris-2/300105.bmp,1
./dataset/MMU-Iris-2/300102.bmp,./dataset/MMU-Iris-2/300103.bmp,1
./dataset/MMU-Iris-2/300102.bmp,./dataset/MMU-Iris-2/300104.bmp,1
./dataset/MMU-Iris-2/300102.bmp,./dataset/MMU-Iris-2/300105.bmp,1
./dataset/MMU-Iris-2/300103.bmp,./dataset/MMU-Iris-2/300104.bmp,1
./dataset/MMU-Iris-2/300103.bmp,./dataset/MMU-Iris-2/300105.bmp,1
./dataset/MMU-Iris-2/300104.bmp,./dataset/MMU-Iris-2/300105.bmp,1
./dataset/MMU-Iris-2/310101.bmp,./dataset/MMU-Iris-2/310102.bmp,1
./dataset/MMU-Iris-2/310101.bmp,./dataset/MMU-Iris-2/310103.bmp,1
./dataset/MMU-Iris-2/310101.bmp,./dataset/MMU-Iris-2/310104.bmp,1
./dataset/MMU-Iris-2/310101.bmp,./dataset/MMU-Iris-2/310105.bmp,1
./dataset/MMU-Iris-2/310102.bmp,./dataset/MMU-Iris-2/310103.bmp,1
./dataset/MMU-Iris-2/310102.bmp,./dataset/MMU-Iris-2/310104.bmp,1
./dataset/MMU-Iris-2/310102.bmp,./dataset/MMU-Iris-2/310105.bmp,1
./dataset/MMU-Iris-2/310103.bmp,./dataset/MMU-Iris-2/310104.bmp,1
./dataset/MMU-Iris-2/310103.bmp,./dataset/MMU-Iris-2/310105.bmp,1
./dataset/MMU-Iris-2/310104.bmp,./dataset/MMU-Iris-2/310105.bmp,1
./dataset/MMU-Iris-2/320101.bmp,./dataset/MMU-Iris-2/320102.bmp,1
./dataset/MMU-Iris-2/320101.bmp,./dataset/MMU-Iris-2/320103.bmp,1
./dataset/MMU-Iris-2/320101.bmp,./dataset/MMU-Iris-2/320104.bmp,1
./dataset/MMU-Iris-2/320101.bmp,./dataset/MMU-Iris-2/320105.bmp,1
./dataset/MMU-Iris-2/320102.bmp,./dataset/MMU-Iris-2/320103.bmp,1
./dataset/MMU-Iris-2/320102.bmp,./dataset/MMU-Iris-2/320104.bmp,1
./dataset/MMU-Iris-2/320102.bmp,./dataset/MMU-Iris-2/320105.bmp,1
./dataset/MMU-Iris-2/320103.bmp,./dataset/MMU-Iris-2/320104.bmp,1
./dataset/MMU-Iris-2/320103.bmp,./dataset/MMU-Iris-2/320105.bmp,1
./dataset/MMU-Iris-2/320104.bmp,./dataset/MMU-Iris-2/320105.bmp,1
./dataset/MMU-Iris-2/330101.bmp,./dataset/MMU-Iris-2/330102.bmp,1
./dataset/MMU-Iris-2/330101.bmp,./dataset/MMU-Iris-2/330103.bmp,1
./dataset/MMU-Iris-2/330101.bmp,./dataset/MMU-Iris-2/330104.bmp,1
./dataset/MMU-Iris-2/330101.bmp,./dataset/MMU-Iris-2/330105.bmp,1
./dataset/MMU-Iris-2/330102.bmp,./dataset/MMU-Iris-2/330103.bmp,1
./dataset/MMU-Iris-2/330102.bmp,./dataset/MMU-Iris-2/330104.bmp,1
./dataset/MMU-Iris-2/330102.bmp,./dataset/MMU-Iris-2/330105.bmp,1
./dataset/MMU-Iris-2/330103.bmp,./dataset/MMU-Iris-2/330104.bmp,1
./dataset/MMU-Iris-2/330103.bmp,./dataset/MMU-Iris-2/330105.bmp,1
./dataset/MMU-Iris-2/330104.bmp,./dataset/MMU-Iris-2/330105.bmp,1
./dataset/MMU-Iris-2/340101.bmp,./dataset/MMU-Iris-2/340102.bmp,1
./dataset/MMU-Iris-2/340101.bmp,./dataset/MMU-Iris-2/340103.bmp,1
./dataset/MMU-Iris-2/340101.bmp,./dataset/MMU-Iris-2/340104.bmp,1
./dataset/MMU-Iris-2/340101.bmp,./dataset/MMU-Iris-2/340105.bmp,1
./dataset/MMU-Iris-2/340102.bmp,./dataset/MMU-Iris-2/340103.bmp,1
./dataset/MMU-Iris-2/340102.bmp,./dataset/MMU-Iris-2/340104.bmp,1
./dataset/MMU-Iris-2/340102.bmp,./dataset/MMU-Iris-2/340105.bmp,1
./dataset/MMU-Iris-2/340103.bmp,./dataset/MMU-Iris-2/340104.bmp,1
./dataset/MMU-Iris-2/340103.bmp,./dataset/MMU-Iris-2/340105.bmp,1
./dataset/MMU-Iris-2/340104.bmp,./dataset/MMU-Iris-2/340105.bmp,1
./dataset/MMU-Iris-2/350101.bmp,./dataset/MMU-Iris-2/350102.bmp,1
./dataset/MMU-Iris-2/350101.bmp,./dataset/MMU-Iris-2/350103.bmp,1
./dataset/MMU-Iris-2/350101.bmp,./dataset/MMU-Iris-2/350104.bmp,1
./dataset/MMU-Iris-2/350101.bmp,./dataset/MMU-Iris-2/350105.bmp,1
./dataset/MMU-Iris-2/350102.bmp,./dataset/MMU-Iris-2/350103.bmp,1
./dataset/MMU-Iris-2/350102.bmp,./dataset/MMU-Iris-2/350104.bmp,1
./dataset/MMU-Iris-2/350102.bmp,./dataset/MMU-Iris-2/350105.bmp,1
./dataset/MMU-Iris-2/350103.bmp,./dataset/MMU-Iris-2/350104.bmp,1
./dataset/MMU-Iris-2/350103.bmp,./dataset/MMU-Iris-2/350105.bmp,1
./dataset/MMU-Iris-2/350104.bmp,./dataset/MMU-Iris-2/350105.bmp,1
./dataset/MMU-Iris-2/360101.bmp,./dataset/MMU-Iris-2/360102.bmp,1
./dataset/MMU-Iris-2/360101.bmp,./dataset/MMU-Iris-2/360103.bmp,1
./dataset/MMU-Iris-2/360101.bmp,./dataset/MMU-Iris-2/360104.bmp,1
./dataset/MMU-Iris-2/360101.bmp,./dataset/MMU-Iris-2/360105.bmp,1
./dataset/MMU-Iris-2/360102.bmp,./dataset/MMU-Iris-2/360103.bmp,1
./dataset/MMU-Iris-2/360102.bmp,./dataset/MMU-Iris-2/360104.bmp,1
./dataset/MMU-Iris-2/360102.bmp,./dataset/MMU-Iris-2/360105.bmp,1
./dataset/MMU-Iris-2/360103.bmp,./dataset/MMU-Iris-2/360104.bmp,1
./dataset/MMU-Iris-2/360103.bmp,./dataset/MMU-Iris-2/360105.bmp,1
./dataset/MMU-Iris-2/360104.bmp,./dataset/MMU-Iris-2/360105.bmp,1
./dataset/MMU-Iris-2/370101.bmp,./dataset/MMU-Iris-2/370102.bmp,1
./dataset/MMU-Iris-2/370101.bmp,./dataset/MMU-Iris-2/370103.bmp,1
./dataset/MMU-Iris-2/370101.bmp,./dataset/MMU-Iris-2/370104.bmp,1
./dataset/MMU-Iris-2/370101.bmp,./dataset/MMU-Iris-2/370105.bmp,1
./dataset/MMU-Iris-2/370102.bmp,./dataset/MMU-Iris-2/370103.bmp,1
./dataset/MMU-Iris-2/370102.bmp,./dataset/MMU-Iris-2/370104.bmp,1
./dataset/MMU-Iris-2/370102.bmp,./dataset/MMU-Iris-2/370105.bmp,1
./dataset/MMU-Iris-2/370103.bmp,./dataset/MMU-Iris-2/370104.bmp,1
./dataset/MMU-Iris-2/370103.bmp,./dataset/MMU-Iris-2/370105.bmp,1
./dataset/MMU-Iris-2/370104.bmp,./dataset/MMU-Iris-2/370105.bmp,1
./dataset/MMU-Iris-2/380101.bmp,./dataset/MMU-Iris-2/380102.bmp,1
./dataset/MMU-Iris-2/380101.bmp,./dataset/MMU-Iris-2/380103.bmp,1
./dataset/MMU-Iris-2/380101.bmp,./dataset/MMU-Iris-2/380104.bmp,1
./dataset/MMU-Iris-2/380101.bmp,./dataset/MMU-Iris-2/380105.bmp,1
./dataset/MMU-Iris-2/380102.bmp,./dataset/MMU-Iris-2/380103.bmp,1
./dataset/MMU-Iris-2/380102.bmp,./dataset/MMU-Iris-2/380104.bmp,1
./dataset/MMU-Iris-2/380102.bmp,./dataset/MMU-Iris-2/380105.bmp,1
./dataset/MMU-Iris-2/380103.bmp,./dataset/MMU-Iris-2/380104.bmp,1
./dataset/MMU-Iris-2/380103.bmp,./dataset/MMU-Iris-2/380105.bmp,1
./dataset/MMU-Iris-2/380104.bmp,./dataset/MMU-Iris-2/380105.bmp,1
./dataset/MMU-Iris-2/390101.bmp,./dataset/MMU-Iris-2/390102.bmp,1
./dataset/MMU-Iris-2/390101.bmp,./dataset/MMU-Iris-2/390103.bmp,1
./dataset/MMU-Iris-2/390101.bmp,./dataset/MMU-Iris-2/390104.bmp,1
./dataset/MMU-Iris-2/390101.bmp,./dataset/MMU-Iris-2/390105.bmp,1
./dataset/MMU-Iris-2/390102.bmp,./dataset/MMU-Iris-2/390103.bmp,1
./dataset/MMU-Iris-2/390102.bmp,./dataset/MMU-Iris-2/390104.bmp,1
./dataset/MMU-Iris-2/390102.bmp,./dataset/MMU-Iris-2/390105.bmp,1
./dataset/MMU-Iris-2/390103.bmp,./dataset/MMU-Iris-2/390104.bmp,1
./dataset/MMU-Iris-2/390103.bmp,./dataset/MMU-Iris-2/390105.bmp,1
./dataset/MMU-Iris-2/390104.bmp,./dataset/MMU-Iris-2/390105.bmp,1
./dataset/MMU-Iris-2/400101.bmp,./dataset/MMU-Iris-2/400102.bmp,1
./dataset/MMU-Iris-2/400101.bmp,./dataset/MMU-Iris-2/400103.bmp,1
./dataset/MMU-Iris-2/400101.bmp,./dataset/MMU-Iris-2/400104.bmp,1
./dataset/MMU-Iris-2/400101.bmp,./dataset/MMU-Iris-2/400105.bmp,1
./dataset/MMU-Iris-2/400102.bmp,./dataset/MMU-Iris-2/400103.bmp,1
./dataset/MMU-Iris-2/400102.bmp,./dataset/MMU-Iris-2/400104.bmp,1
./dataset/MMU-Iris-2/400102.bmp,./dataset/MMU-Iris-2/400105.bmp,1
./dataset/MMU-Iris-2/400103.bmp,./dataset/MMU-Iris-2/400104.bmp,1
./dataset/MMU-Iris-2/400103.bmp,./dataset/MMU-Iris-2/400105.bmp,1
./dataset/MMU-Iris-2/400104.bmp,./dataset/MMU-Iris-2/400105.bmp,1
./dataset/MMU-Iris-2/410101.bmp,./dataset/MMU-Iris-2/410102.bmp,1
./dataset/MMU-Iris-2/410101.bmp,./dataset/MMU-Iris-2/410103.bmp,1
./dataset/MMU-Iris-2/410101.bmp,./dataset/MMU-Iris-2/410104.bmp,1
./dataset/MMU-Iris-2/410101.bmp,./dataset/MMU-Iris-2/410105.bmp,1
./dataset/MMU-Iris-2/410102.bmp,./dataset/MMU-Iris-2/410103.bmp,1
./dataset/MMU-Iris-2/410102.bmp,./dataset/MMU-Iris-2/410104.bmp,1
./dataset/MMU-Iris-2/410102.bmp,./dataset/MMU-Iris-2/410105.bmp,1
./dataset/MMU-Iris-2/410103.bmp,./dataset/MMU-Iris-2/410104.bmp,1
./dataset/MMU-Iris-2/410103.bmp,./dataset/MMU-Iris-2/410105.bmp,1
./dataset/MMU-Iris-2/410104.bmp,./dataset/MMU-Iris-2/410105.bmp,1
./dataset/MMU-Iris-2/420101.bmp,./dataset/MMU-Iris-2/420102.bmp,1
./dataset/MMU-Iris-2/420101.bmp,./dataset/MMU-Iris-2/420103.bmp,1
./dataset/MMU-Iris-2/420101.bmp,./dataset/MMU-Iris-2/420104.bmp,1
./dataset/MMU-Iris-2/420101.bmp,./dataset/MMU-Iris-2/420105.bmp,1
./dataset/MMU-Iris-2/420102.bmp,./dataset/MMU-Iris-2/420103.bmp,1
./dataset/MMU-Iris-2/420102.bmp,./dataset/MMU-Iris-2/420104.bmp,1
./dataset/MMU-Iris-2/420102.bmp,./dataset/MMU-Iris-2/420105.bmp,1
./dataset/MMU-Iris-2/420103.bmp,./dataset/MMU-Iris-2/420104.bmp,1
./dataset/MMU-Iris-2/420103.bmp,./dataset/MMU-Iris-2/420105.bmp,1
./dataset/MMU-Iris-2/420104.bmp,./dataset/MMU-Iris-2/420105.bmp,1
./dataset/MMU-Iris-2/430101.bmp,./dataset/MMU-Iris-2/430102.bmp,1
./dataset/MMU-Iris-2/430101.bmp,./dataset/MMU-Iris-2/430103.bmp,1
./dataset/MMU-Iris-2/430101.bmp,./dataset/MMU-Iris-2/430104.bmp,1
./dataset/MMU-Iris-2/430101.bmp,./dataset/MMU-Iris-2/430105.bmp,1
./dataset/MMU-Iris-2/430102.bmp,./dataset/MMU-Iris-2/430103.bmp,1
./dataset/MMU-Iris-2/430102.bmp,./dataset/MMU-Iris-2/430104.bmp,1
./dataset/MMU-Iris-2/430102.bmp,./dataset/MMU-Iris-2/430105.bmp,1
./dataset/MMU-Iris-2/430103.bmp,./dataset/MMU-Iris-2/430104.bmp,1
./dataset/MMU-Iris-2/430103.bmp,./dataset/MMU-Iris-2/430105.bmp,1
./dataset/MMU-Iris-2/430104.bmp,./dataset/MMU-Iris-2/430105.bmp,1
./dataset/MMU-Iris-2/440101.bmp,./dataset/MMU-Iris-2/440102.bmp,1
./dataset/MMU-Iris-2/440101.bmp,./dataset/MMU-Iris-2/440103.bmp,1
./dataset/MMU-Iris-2/440101.bmp,./dataset/MMU-Iris-2/440104.bmp,1
./dataset/MMU-Iris-2/440101.bmp,./dataset/MMU-Iris-2/440105.bmp,1
./dataset/MMU-Iris-2/440102.bmp,./dataset/MMU-Iris-2/440103.bmp,1
./dataset/MMU-Iris-2/440102.bmp,./dataset/MMU-Iris-2/440104.bmp,1
./dataset/MMU-Iris-2/440102.bmp,./dataset/MMU-Iris-2/440105.bmp,1
./dataset/MMU-Iris-2/440103.bmp,./dataset/MMU-Iris-2/440104.bmp,1
./dataset/MMU-Iris-2/440103.bmp,./dataset/MMU-Iris-2/440105.bmp,1
./dataset/MMU-Iris-2/440104.bmp,./dataset/MMU-Iris-2/440105.bmp,1
./dataset/MMU-Iris-2/450101.bmp,./dataset/MMU-Iris-2/450102.bmp,1
./dataset/MMU-Iris-2/450101.bmp,./dataset/MMU-Iris-2/450103.bmp,1
./dataset/MMU-Iris-2/450101.bmp,./dataset/MMU-Iris-2/450104.bmp,1
./dataset/MMU-Iris-2/450101.bmp,./dataset/MMU-Iris-2/450105.bmp,1
./dataset/MMU-Iris-2/450102.bmp,./dataset/MMU-Iris-2/450103.bmp,1
./dataset/MMU-Iris-2/450102.bmp,./dataset/MMU-Iris-2/450104.bmp,1
./dataset/MMU-Iris-2/450102.bmp,./dataset/MMU-Iris-2/450105.bmp,1
./dataset/MMU-Iris-2/450103.bmp,./dataset/MMU-Iris-2/450104.bmp,1
./dataset/MMU-Iris-2/450103.bmp,./dataset/MMU-Iris-2/450105.bmp,1
./dataset/MMU-Iris-2/450104.bmp,./dataset/MMU-Iris-2/450105.bmp,1
./dataset/MMU-Iris-2/460101.bmp,./dataset/MMU-Iris-2/460102.bmp,1
./dataset/MMU-Iris-2/460101.bmp,./dataset/MMU-Iris-2/460103.bmp,1
./dataset/MMU-Iris-2/460101.bmp,./dataset/MMU-Iris-2/460104.bmp,1
./dataset/MMU-Iris-2/460101.bmp,./dataset/MMU-Iris-2/460105.bmp,1
./dataset/MMU-Iris-2/460102.bmp,./dataset/MMU-Iris-2/460103.bmp,1
./dataset/MMU-Iris-2/460102.bmp,./dataset/MMU-Iris-2/460104.bmp,1
./dataset/MMU-Iris-2/460102.bmp,./dataset/MMU-Iris-2/460105.bmp,1
./dataset/MMU-Iris-2/460103.bmp,./dataset/MMU-Iris-2/460104.bmp,1
./dataset/MMU-Iris-2/460103.bmp,./dataset/MMU-Iris-2/460105.bmp,1
./dataset/MMU-Iris-2/460104.bmp,./dataset/MMU-Iris-2/460105.bmp,1
./dataset/MMU-Iris-2/470101.bmp,./dataset/MMU-Iris-2/470102.bmp,1
./dataset/MMU-Iris-2/470101.bmp,./dataset/MMU-Iris-2/470103.bmp,1
./dataset/MMU-Iris-2/470101.bmp,./dataset/MMU-Iris-2/470104.bmp,1
./dataset/MMU-Iris-2/470101.bmp,./dataset/MMU-Iris-2/470105.bmp,1
./dataset/MMU-Iris-2/470102.bmp,./dataset/MMU-Iris-2/470103.bmp,1
./dataset/MMU-Iris-2/470102.bmp,./dataset/MMU-Iris-2/470104.bmp,1
./dataset/MMU-Iris-2/470102.bmp,./dataset/MMU-Iris-2/470105.bmp,1
./dataset/MMU-Iris-2/470103.bmp,./dataset/MMU-Iris-2/470104.bmp,1
./dataset/MMU-Iris-2/470103.bmp,./dataset/MMU-Iris-2/470105.bmp,1
./dataset/MMU-Iris-2/470104.bmp,./dataset/MMU-Iris-2/470105.bmp,1
./dataset/MMU-Iris-2/480101.bmp,./dataset/MMU-Iris-2/480102.bmp,1
./dataset/MMU-Iris-2/480101.bmp,./dataset/MMU-Iris-2/480103.bmp,1
./dataset/MMU-Iris-2/480101.bmp,./dataset/MMU-Iris-2/480104.bmp,1
./dataset/MMU-Iris-2/480101.bmp,./dataset/MMU-Iris-2/480105.bmp,1
./dataset/MMU-Iris-2/480102.bmp,./dataset/MMU-Iris-2/480103.bmp,1
./dataset/MMU-Iris-2/480102.bmp,./dataset/MMU-Iris-2/480104.bmp,1
./dataset/MMU-Iris-2/480102.bmp,./dataset/MMU-Iris-2/480105.bmp,1
./dataset/MMU-Iris-2/480103.bmp,./dataset/MMU-Iris-2/480104.bmp,1
./dataset/MMU-Iris-2/480103.bmp,./dataset/MMU-Iris-2/480105.bmp,1
./dataset/MMU-Iris-2/480104.bmp,./dataset/MMU-Iris-2/480105.bmp,1
./dataset/MMU-Iris-2/490101.bmp,./dataset/MMU-Iris-2/490102.bmp,1
./dataset/MMU-Iris-2/490101.bmp,./dataset/MMU-Iris-2/490103.bmp,1
./dataset/MMU-Iris-2/490101.bmp,./dataset/MMU-Iris-2/490104.bmp,1
./dataset/MMU-Iris-2/490101.bmp,./dataset/MMU-Iris-2/490105.bmp,1
./dataset/MMU-Iris-2/490102.bmp,./dataset/MMU-Iris-2/490103.bmp,1
./dataset/MMU-Iris-2/490102.bmp,./dataset/MMU-Iris-2/490104.bmp,1
./dataset/MMU-Iris-2/490102.bmp,./dataset/MMU-Iris-2/490105.bmp,1
./dataset/MMU-Iris-2/490103.bmp,./dataset/MMU-Iris-2/490104.bmp,1
./dataset/MMU-Iris-2/490103.bmp,./dataset/MMU-Iris-2/490105.bmp,1
./dataset/MMU-Iris-2/490104.bmp,./dataset/MMU-Iris-2/490105.bmp,1
./dataset/MMU-Iris-2/510101.bmp,./dataset/MMU-Iris-2/510102.bmp,1
./dataset/MMU-Iris-2/510101.bmp,./dataset/MMU-Iris-2/510103.bmp,1
./dataset/MMU-Iris-2/510101.bmp,./dataset/MMU-Iris-2/510104.bmp,1
./dataset/MMU-Iris-2/510101.bmp,./dataset/MMU-Iris-2/510105.bmp,1
./dataset/MMU-Iris-2/510102.bmp,./dataset/MMU-Iris-2/510103.bmp,1
./dataset/MMU-Iris-2/510102.bmp,./dataset/MMU-Iris-2/510104.bmp,1
./dataset/MMU-Iris-2/510102.bmp,./dataset/MMU-Iris-2/510105.bmp,1
./dataset/MMU-Iris-2/510103.bmp,./dataset/MMU-Iris-2/510104.bmp,1
./dataset/MMU-Iris-2/510103.bmp,./dataset/MMU-Iris-2/510105.bmp,1
./dataset/MMU-Iris-2/510104.bmp,./dataset/MMU-Iris-2/510105.bmp,1
./dataset/MMU-Iris-2/520101.bmp,./dataset/MMU-Iris-2/520102.bmp,1
./dataset/MMU-Iris-2/520101.bmp,./dataset/MMU-Iris-2/520103.bmp,1
./dataset/MMU-Iris-2/520101.bmp,./dataset/MMU-Iris-2/520104.bmp,1
./dataset/MMU-Iris-2/520101.bmp,./dataset/MMU-Iris-2/520105.bmp,1
./dataset/MMU-Iris-2/520102.bmp,./dataset/MMU-Iris-2/520103.bmp,1
./dataset/MMU-Iris-2/520102.bmp,./dataset/MMU-Iris-2/520104.bmp,1
./dataset/MMU-Iris-2/520102.bmp,./dataset/MMU-Iris-2/520105.bmp,1
./dataset/MMU-Iris-2/520103.bmp,./dataset/MMU-Iris-2/520104.bmp,1
./dataset/MMU-Iris-2/520103.bmp,./dataset/MMU-Iris-2/520105.bmp,1
./dataset/MMU-Iris-2/520104.bmp,./dataset/MMU-Iris-2/520105.bmp,1
./dataset/MMU-Iris-2/530101.bmp,./dataset/MMU-Iris-2/530102.bmp,1
./dataset/MMU-Iris-2/530101.bmp,./dataset/MMU-Iris-2/530103.bmp,1
./dataset/MMU-Iris-2/530101.bmp,./dataset/MMU-Iris-2/530104.bmp,1
./dataset/MMU-Iris-2/530101.bmp,./dataset/MMU-Iris-2/530105.bmp,1
./dataset/MMU-Iris-2/530102.bmp,./dataset/MMU-Iris-2/530103.bmp,1
./dataset/MMU-Iris-2/530102.bmp,./dataset/MMU-Iris-2/530104.bmp,1
./dataset/MMU-Iris-2/530102.bmp,./dataset/MMU-Iris-2/530105.bmp,1
./dataset/MMU-Iris-2/530103.bmp,./dataset/MMU-Iris-2/530104.bmp,1
./dataset/MMU-Iris-2/530103.bmp,./dataset/MMU-Iris-2/530105.bmp,1
./dataset/MMU-Iris-2/530104.bmp,./dataset/MMU-Iris-2/530105.bmp,1
./dataset/MMU-Iris-2/540101.bmp,./dataset/MMU-Iris-2/540102.bmp,1
./dataset/MMU-Iris-2/540101.bmp,./dataset/MMU-Iris-2/540103.bmp,1
./dataset/MMU-Iris-2/540101.bmp,./dataset/MMU-Iris-2/540104.bmp,1
./dataset/MMU-Iris-2/540101.bmp,./dataset/MMU-Iris-2/540105.bmp,1
./dataset/MMU-Iris-2/540102.bmp,./dataset/MMU-Iris-2/540103.bmp,1
./dataset/MMU-Iris-2/540102.bmp,./dataset/MMU-Iris-2/540104.bmp,1
./dataset/MMU-Iris-2/540102.bmp,./dataset/MMU-Iris-2/540105.bmp,1
./dataset/MMU-Iris-2/540103.bmp,./dataset/MMU-Iris-2/540104.bmp,1
./dataset/MMU-Iris-2/540103.bmp,./dataset/MMU-Iris-2/540105.bmp,1
./dataset/MMU-Iris-2/540104.bmp,./dataset/MMU-Iris-2/540105.bmp,1
./dataset/MMU-Iris-2/550101.bmp,./dataset/MMU-Iris-2/550102.bmp,1
./dataset/MMU-Iris-2/550101.bmp,./dataset/MMU-Iris-2/550103.bmp,1
./dataset/MMU-Iris-2/550101.bmp,./dataset/MMU-Iris-2/550104.bmp,1
./dataset/MMU-Iris-2/550101.bmp,./dataset/MMU-Iris-2/550105.bmp,1
./dataset/MMU-Iris-2/550102.bmp,./dataset/MMU-Iris-2/550103.bmp,1
./dataset/MMU-Iris-2/550102.bmp,./dataset/MMU-Iris-2/550104.bmp,1
./dataset/MMU-Iris-2/550102.bmp,./dataset/MMU-Iris-2/550105.bmp,1
./dataset/MMU-Iris-2/550103.bmp,./dataset/MMU-Iris-2/550104.bmp,1
./dataset/MMU-Iris-2/550103.bmp,./dataset/MMU-Iris-2/550105.bmp,1
./dataset/MMU-Iris-2/550104.bmp,./dataset/MMU-Iris-2/550105.bmp,1
./dataset/MMU-Iris-2/560101.bmp,./dataset/MMU-Iris-2/560102.bmp,1
./dataset/MMU-Iris-2/560101.bmp,./dataset/MMU-Iris-2/560103.bmp,1
./dataset/MMU-Iris-2/560101.bmp,./dataset/MMU-Iris-2/560104.bmp,1
./dataset/MMU-Iris-2/560101.bmp,./dataset/MMU-Iris-2/560105.bmp,1
./dataset/MMU-Iris-2/560102.bmp,./dataset/MMU-Iris-2/560103.bmp,1
./dataset/MMU-Iris-2/560102.bmp,./dataset/MMU-Iris-2/560104.bmp,1
./dataset/MMU-Iris-2/560102.bmp,./dataset/MMU-Iris-2/560105.bmp,1
./dataset/MMU-Iris-2/560103.bmp,./dataset/MMU-Iris-2/560104.bmp,1
./dataset/MMU-Iris-2/560103.bmp,./dataset/MMU-Iris-2/560105.bmp,1
./dataset/MMU-Iris-2/560104.bmp,./dataset/MMU-Iris-2/560105.bmp,1
./dataset/MMU-Iris-2/570101.bmp,./dataset/MMU-Iris-2/570102.bmp,1
./dataset/MMU-Iris-2/570101.bmp,./dataset/MMU-Iris-2/570103.bmp,1
./dataset/MMU-Iris-2/570101.bmp,./dataset/MMU-Iris-2/570104.bmp,1
./dataset/MMU-Iris-2/570101.bmp,./dataset/MMU-Iris-2/570105.bmp,1
./dataset/MMU-Iris-2/570102.bmp,./dataset/MMU-Iris-2/570103.bmp,1
./dataset/MMU-Iris-2/570102.bmp,./dataset/MMU-Iris-2/570104.bmp,1
./dataset/MMU-Iris-2/570102.bmp,./dataset/MMU-Iris-2/570105.bmp,1
./dataset/MMU-Iris-2/570103.bmp,./dataset/MMU-Iris-2/570104.bmp,1
./dataset/MMU-Iris-2/570103.bmp,./dataset/MMU-Iris-2/570105.bmp,1
./dataset/MMU-Iris-2/570104.bmp,./dataset/MMU-Iris-2/570105.bmp,1
./dataset/MMU-Iris-2/580101.bmp,./dataset/MMU-Iris-2/580102.bmp,1
./dataset/MMU-Iris-2/580101.bmp,./dataset/MMU-Iris-2/580103.bmp,1
./dataset/MMU-Iris-2/580101.bmp,./dataset/MMU-Iris-2/580104.bmp,1
./dataset/MMU-Iris-2/580101.bmp,./dataset/MMU-Iris-2/580105.bmp,1
./dataset/MMU-Iris-2/580102.bmp,./dataset/MMU-Iris-2/580103.bmp,1
./dataset/MMU-Iris-2/580102.bmp,./dataset/MMU-Iris-2/580104.bmp,1
./dataset/MMU-Iris-2/580102.bmp,./dataset/MMU-Iris-2/580105.bmp,1
./dataset/MMU-Iris-2/580103.bmp,./dataset/MMU-Iris-2/580104.bmp,1
./dataset/MMU-Iris-2/580103.bmp,./dataset/MMU-Iris-2/580105.bmp,1
./dataset/MMU-Iris-2/580104.bmp,./dataset/MMU-Iris-2/580105.bmp,1
./dataset/MMU-Iris-2/590101.bmp,./dataset/MMU-Iris-2/590102.bmp,1
./dataset/MMU-Iris-2/590101.bmp,./dataset/MMU-Iris-2/590103.bmp,1
./dataset/MMU-Iris-2/590101.bmp,./dataset/MMU-Iris-2/590104.bmp,1
./dataset/MMU-Iris-2/590101.bmp,./dataset/MMU-Iris-2/590105.bmp,1
./dataset/MMU-Iris-2/590102.bmp,./dataset/MMU-Iris-2/590103.bmp,1
./dataset/MMU-Iris-2/590102.bmp,./dataset/MMU-Iris-2/590104.bmp,1
./dataset/MMU-Iris-2/590102.bmp,./dataset/MMU-Iris-2/590105.bmp,1
./dataset/MMU-Iris-2/590103.bmp,./dataset/MMU-Iris-2/590104.bmp,1
./dataset/MMU-Iris-2/590103.bmp,./dataset/MMU-Iris-2/590105.bmp,1
./dataset/MMU-Iris-2/590104.bmp,./dataset/MMU-Iris-2/590105.bmp,1
./dataset/MMU-Iris-2/600101.bmp,./dataset/MMU-Iris-2/600102.bmp,1
./dataset/MMU-Iris-2/600101.bmp,./dataset/MMU-Iris-2/600103.bmp,1
./dataset/MMU-Iris-2/600101.bmp,./dataset/MMU-Iris-2/600104.bmp,1
./dataset/MMU-Iris-2/600101.bmp,./dataset/MMU-Iris-2/600105.bmp,1
./dataset/MMU-Iris-2/600102.bmp,./dataset/MMU-Iris-2/600103.bmp,1
./dataset/MMU-Iris-2/600102.bmp,./dataset/MMU-Iris-2/600104.bmp,1
./dataset/MMU-Iris-2/600102.bmp,./dataset/MMU-Iris-2/600105.bmp,1
./dataset/MMU-Iris-2/600103.bmp,./dataset/MMU-Iris-2/600104.bmp,1
./dataset/MMU-Iris-2/600103.bmp,./dataset/MMU-Iris-2/600105.bmp,1
./dataset/MMU-Iris-2/600104.bmp,./dataset/MMU-Iris-2/600105.bmp,1
./dataset/MMU-Iris-2/610101.bmp,./dataset/MMU-Iris-2/610102.bmp,1
./dataset/MMU-Iris-2/610101.bmp,./dataset/MMU-Iris-2/610103.bmp,1
./dataset/MMU-Iris-2/610101.bmp,./dataset/MMU-Iris-2/610104.bmp,1
./dataset/MMU-Iris-2/610101.bmp,./dataset/MMU-Iris-2/610105.bmp,1
./dataset/MMU-Iris-2/610102.bmp,./dataset/MMU-Iris-2/610103.bmp,1
./dataset/MMU-Iris-2/610102.bmp,./dataset/MMU-Iris-2/610104.bmp,1
./dataset/MMU-Iris-2/610102.bmp,./dataset/MMU-Iris-2/610105.bmp,1
./dataset/MMU-Iris-2/610103.bmp,./dataset/MMU-Iris-2/610104.bmp,1
./dataset/MMU-Iris-2/610103.bmp,./dataset/MMU-Iris-2/610105.bmp,1
./dataset/MMU-Iris-2/610104.bmp,./dataset/MMU-Iris-2/610105.bmp,1
./dataset/MMU-Iris-2/620101.bmp,./dataset/MMU-Iris-2/620102.bmp,1
./dataset/MMU-Iris-2/620101.bmp,./dataset/MMU-Iris-2/620103.bmp,1
./dataset/MMU-Iris-2/620101.bmp,./dataset/MMU-Iris-2/620104.bmp,1
./dataset/MMU-Iris-2/620101.bmp,./dataset/MMU-Iris-2/620105.bmp,1
./dataset/MMU-Iris-2/620102.bmp,./dataset/MMU-Iris-2/620103.bmp,1
./dataset/MMU-Iris-2/620102.bmp,./dataset/MMU-Iris-2/620104.bmp,1
./dataset/MMU-Iris-2/620102.bmp,./dataset/MMU-Iris-2/620105.bmp,1
./dataset/MMU-Iris-2/620103.bmp,./dataset/MMU-Iris-2/620104.bmp,1
./dataset/MMU-Iris-2/620103.bmp,./dataset/MMU-Iris-2/620105.bmp,1
./dataset/MMU-Iris-2/620104.bmp,./dataset/MMU-Iris-2/620105.bmp,1
./dataset/MMU-Iris-2/630101.bmp,./dataset/MMU-Iris-2/630102.bmp,1
./dataset/MMU-Iris-2/630101.bmp,./dataset/MMU-Iris-2/630103.bmp,1
./dataset/MMU-Iris-2/630101.bmp,./dataset/MMU-Iris-2/630104.bmp,1
./dataset/MMU-Iris-2/630101.bmp,./dataset/MMU-Iris-2/630105.bmp,1
./dataset/MMU-Iris-2/630102.bmp,./dataset/MMU-Iris-2/630103.bmp,1
./dataset/MMU-Iris-2/630102.bmp,./dataset/MMU-Iris-2/630104.bmp,1
./dataset/MMU-Iris-2/630102.bmp,./dataset/MMU-Iris-2/630105.bmp,1
./dataset/MMU-Iris-2/630103.bmp,./dataset/MMU-Iris-2/630104.bmp,1
./dataset/MMU-Iris-2/630103.bmp,./dataset/MMU-Iris-2/630105.bmp,1
./dataset/MMU-Iris-2/630104.bmp,./dataset/MMU-Iris-2/630105.bmp,1
./dataset/MMU-Iris-2/640101.bmp,./dataset/MMU-Iris-2/640102.bmp,1
./dataset/MMU-Iris-2/640101.bmp,./dataset/MMU-Iris-2/640103.bmp,1
./dataset/MMU-Iris-2/640101.bmp,./dataset/MMU-Iris-2/640104.bmp,1
./dataset/MMU-Iris-2/640101.bmp,./dataset/MMU-Iris-2/640105.bmp,1
./dataset/MMU-Iris-2/640102.bmp,./dataset/MMU-Iris-2/640103.bmp,1
./dataset/MMU-Iris-2/640102.bmp,./dataset/MMU-Iris-2/640104.bmp,1
./dataset/MMU-Iris-2/640102.bmp,./dataset/MMU-Iris-2/640105.bmp,1
./dataset/MMU-Iris-2/640103.bmp,./dataset/MMU-Iris-2/640104.bmp,1
./dataset/MMU-Iris-2/640103.bmp,./dataset/MMU-Iris-2/640105.bmp,1
./dataset/MMU-Iris-2/640104.bmp,./dataset/MMU-Iris-2/640105.bmp,1
./dataset/MMU-Iris-2/650101.bmp,./dataset/MMU-Iris-2/650102.bmp,1
./dataset/MMU-Iris-2/650101.bmp,./dataset/MMU-Iris-2/650103.bmp,1
./dataset/MMU-Iris-2/650101.bmp,./dataset/MMU-Iris-2/650104.bmp,1
./dataset/MMU-Iris-2/650101.bmp,./dataset/MMU-Iris-2/650105.bmp,1
./dataset/MMU-Iris-2/650102.bmp,./dataset/MMU-Iris-2/650103.bmp,1
./dataset/MMU-Iris-2/650102.bmp,./dataset/MMU-Iris-2/650104.bmp,1
./dataset/MMU-Iris-2/650102.bmp,./dataset/MMU-Iris-2/650105.bmp,1
./dataset/MMU-Iris-2/650103.bmp,./dataset/MMU-Iris-2/650104.bmp,1
./dataset/MMU-Iris-2/650103.bmp,./dataset/MMU-Iris-2/650105.bmp,1
./dataset/MMU-Iris-2/650104.bmp,./dataset/MMU-Iris-2/650105.bmp,1
./dataset/MMU-Iris-2/660101.bmp,./dataset/MMU-Iris-2/660102.bmp,1
./dataset/MMU-Iris-2/660101.bmp,./dataset/MMU-Iris-2/660103.bmp,1
./dataset/MMU-Iris-2/660101.bmp,./dataset/MMU-Iris-2/660104.bmp,1
./dataset/MMU-Iris-2/660101.bmp,./dataset/MMU-Iris-2/660105.bmp,1
./dataset/MMU-Iris-2/660102.bmp,./dataset/MMU-Iris-2/660103.bmp,1
./dataset/MMU-Iris-2/660102.bmp,./dataset/MMU-Iris-2/660104.bmp,1
./dataset/MMU-Iris-2/660102.bmp,./dataset/MMU-Iris-2/660105.bmp,1
./dataset/MMU-Iris-2/660103.bmp,./dataset/MMU-Iris-2/660104.bmp,1
./dataset/MMU-Iris-2/660103.bmp,./dataset/MMU-Iris-2/660105.bmp,1
./dataset/MMU-Iris-2/660104.bmp,./dataset/MMU-Iris-2/660105.bmp,1
./dataset/MMU-Iris-2/670101.bmp,./dataset/MMU-Iris-2/670102.bmp,1
./dataset/MMU-Iris-2/670101.bmp,./dataset/MMU-Iris-2/670103.bmp,1
./dataset/MMU-Iris-2/670101.bmp,./dataset/MMU-Iris-2/670104.bmp,1
./dataset/MMU-Iris-2/670101.bmp,./dataset/MMU-Iris-2/670105.bmp,1
./dataset/MMU-Iris-2/670102.bmp,./dataset/MMU-Iris-2/670103.bmp,1
./dataset/MMU-Iris-2/670102.bmp,./dataset/MMU-Iris-2/670104.bmp,1
./dataset/MMU-Iris-2/670102.bmp,./dataset/MMU-Iris-2/670105.bmp,1
./dataset/MMU-Iris-2/670103.bmp,./dataset/MMU-Iris-2/670104.bmp,1
./dataset/MMU-Iris-2/670103.bmp,./dataset/MMU-Iris-2/670105.bmp,1
./dataset/MMU-Iris-2/670104.bmp,./dataset/MMU-Iris-2/670105.bmp,1
./dataset/MMU-Iris-2/680101.bmp,./dataset/MMU-Iris-2/680102.bmp,1
./dataset/MMU-Iris-2/680101.bmp,./dataset/MMU-Iris-2/680103.bmp,1
./dataset/MMU-Iris-2/680101.bmp,./dataset/MMU-Iris-2/680104.bmp,1
./dataset/MMU-Iris-2/680101.bmp,./dataset/MMU-Iris-2/680105.bmp,1
./dataset/MMU-Iris-2/680102.bmp,./dataset/MMU-Iris-2/680103.bmp,1
./dataset/MMU-Iris-2/680102.bmp,./dataset/MMU-Iris-2/680104.bmp,1
./dataset/MMU-Iris-2/680102.bmp,./dataset/MMU-Iris-2/680105.bmp,1
./dataset/MMU-Iris-2/680103.bmp,./dataset/MMU-Iris-2/680104.bmp,1
./dataset/MMU-Iris-2/680103.bmp,./dataset/MMU-Iris-2/680105.bmp,1
./dataset/MMU-Iris-2/680104.bmp,./dataset/MMU-Iris-2/680105.bmp,1
./dataset/MMU-Iris-2/690101.bmp,./dataset/MMU-Iris-2/690102.bmp,1
./dataset/MMU-Iris-2/690101.bmp,./dataset/MMU-Iris-2/690103.bmp,1
./dataset/MMU-Iris-2/690101.bmp,./dataset/MMU-Iris-2/690104.bmp,1
./dataset/MMU-Iris-2/690101.bmp,./dataset/MMU-Iris-2/690105.bmp,1
./dataset/MMU-Iris-2/690102.bmp,./dataset/MMU-Iris-2/690103.bmp,1
./dataset/MMU-Iris-2/690102.bmp,./dataset/MMU-Iris-2/690104.bmp,1
./dataset/MMU-Iris-2/690102.bmp,./dataset/MMU-Iris-2/690105.bmp,1
./dataset/MMU-Iris-2/690103.bmp,./dataset/MMU-Iris-2/690104.bmp,1
./dataset/MMU-Iris-2/690103.bmp,./dataset/MMU-Iris-2/690105.bmp,1
./dataset/MMU-Iris-2/690104.bmp,./dataset/MMU-Iris-2/690105.bmp,1
./dataset/MMU-Iris-2/700101.bmp,./dataset/MMU-Iris-2/700102.bmp,1
./dataset/MMU-Iris-2/700101.bmp,./dataset/MMU-Iris-2/700103.bmp,1
./dataset/MMU-Iris-2/700101.bmp,./dataset/MMU-Iris-2/700104.bmp,1
./dataset/MMU-Iris-2/700101.bmp,./dataset/MMU-Iris-2/700105.bmp,1
./dataset/MMU-Iris-2/700102.bmp,./dataset/MMU-Iris-2/700103.bmp,1
./dataset/MMU-Iris-2/700102.bmp,./dataset/MMU-Iris-2/700104.bmp,1
./dataset/MMU-Iris-2/700102.bmp,./dataset/MMU-Iris-2/700105.bmp,1
./dataset/MMU-Iris-2/700103.bmp,./dataset/MMU-Iris-2/700104.bmp,1
./dataset/MMU-Iris-2/700103.bmp,./dataset/MMU-Iris-2/700105.bmp,1
./dataset/MMU-Iris-2/700104.bmp,./dataset/MMU-Iris-2/700105.bmp,1
./dataset/MMU-Iris-2/710101.bmp,./dataset/MMU-Iris-2/710102.bmp,1
./dataset/MMU-Iris-2/710101.bmp,./dataset/MMU-Iris-2/710103.bmp,1
./dataset/MMU-Iris-2/710101.bmp,./dataset/MMU-Iris-2/710104.bmp,1
./dataset/MMU-Iris-2/710101.bmp,./dataset/MMU-Iris-2/710105.bmp,1
./dataset/MMU-Iris-2/710102.bmp,./dataset/MMU-Iris-2/710103.bmp,1
./dataset/MMU-Iris-2/710102.bmp,./dataset/MMU-Iris-2/710104.bmp,1
./dataset/MMU-Iris-2/710102.bmp,./dataset/MMU-Iris-2/710105.bmp,1
./dataset/MMU-Iris-2/710103.bmp,./dataset/MMU-Iris-2/710104.bmp,1
./dataset/MMU-Iris-2/710103.bmp,./dataset/MMU-Iris-2/710105.bmp,1
./dataset/MMU-Iris-2/710104.bmp,./dataset/MMU-Iris-2/710105.bmp,1
./dataset/MMU-Iris-2/720101.bmp,./dataset/MMU-Iris-2/720102.bmp,1
./dataset/MMU-Iris-2/720101.bmp,./dataset/MMU-Iris-2/720103.bmp,1
./dataset/MMU-Iris-2/720101.bmp,./dataset/MMU-Iris-2/720104.bmp,1
./dataset/MMU-Iris-2/720101.bmp,./dataset/MMU-Iris-2/720105.bmp,1
./dataset/MMU-Iris-2/720102.bmp,./dataset/MMU-Iris-2/720103.bmp,1
./dataset/MMU-Iris-2/720102.bmp,./dataset/MMU-Iris-2/720104.bmp,1
./dataset/MMU-Iris-2/720102.bmp,./dataset/MMU-Iris-2/720105.bmp,1
./dataset/MMU-Iris-2/720103.bmp,./dataset/MMU-Iris-2/720104.bmp,1
./dataset/MMU-Iris-2/720103.bmp,./dataset/MMU-Iris-2/720105.bmp,1
./dataset/MMU-Iris-2/720104.bmp,./dataset/MMU-Iris-2/720105.bmp,1
./dataset/MMU-Iris-2/730101.bmp,./dataset/MMU-Iris-2/730102.bmp,1
./dataset/MMU-Iris-2/730101.bmp,./dataset/MMU-Iris-2/730103.bmp,1
./dataset/MMU-Iris-2/730101.bmp,./dataset/MMU-Iris-2/730104.bmp,1
./dataset/MMU-Iris-2/730101.bmp,./dataset/MMU-Iris-2/730105.bmp,1
./dataset/MMU-Iris-2/730102.bmp,./dataset/MMU-Iris-2/730103.bmp,1
./dataset/MMU-Iris-2/730102.bmp,./dataset/MMU-Iris-2/730104.bmp,1
./dataset/MMU-Iris-2/730102.bmp,./dataset/MMU-Iris-2/730105.bmp,1
./dataset/MMU-Iris-2/730103.bmp,./dataset/MMU-Iris-2/730104.bmp,1
./dataset/MMU-Iris-2/730103.bmp,./dataset/MMU-Iris-2/730105.bmp,1
./dataset/MMU-Iris-2/730104.bmp,./dataset/MMU-Iris-2/730105.bmp,1
./dataset/MMU-Iris-2/740101.bmp,./dataset/MMU-Iris-2/740102.bmp,1
./dataset/MMU-Iris-2/740101.bmp,./dataset/MMU-Iris-2/740103.bmp,1
./dataset/MMU-Iris-2/740101.bmp,./dataset/MMU-Iris-2/740104.bmp,1
./dataset/MMU-Iris-2/740101.bmp,./dataset/MMU-Iris-2/740105.bmp,1
./dataset/MMU-Iris-2/740102.bmp,./dataset/MMU-Iris-2/740103.bmp,1
./dataset/MMU-Iris-2/740102.bmp,./dataset/MMU-Iris-2/740104.bmp,1
./dataset/MMU-Iris-2/740102.bmp,./dataset/MMU-Iris-2/740105.bmp,1
./dataset/MMU-Iris-2/740103.bmp,./dataset/MMU-Iris-2/740104.bmp,1
./dataset/MMU-Iris-2/740103.bmp,./dataset/MMU-Iris-2/740105.bmp,1
./dataset/MMU-Iris-2/740104.bmp,./dataset/MMU-Iris-2/740105.bmp,1
./dataset/MMU-Iris-2/750101.bmp,./dataset/MMU-Iris-2/750102.bmp,1
./dataset/MMU-Iris-2/750101.bmp,./dataset/MMU-Iris-2/750103.bmp,1
./dataset/MMU-Iris-2/750101.bmp,./dataset/MMU-Iris-2/750104.bmp,1
./dataset/MMU-Iris-2/750101.bmp,./dataset/MMU-Iris-2/750105.bmp,1
./dataset/MMU-Iris-2/750102.bmp,./dataset/MMU-Iris-2/750103.bmp,1
./dataset/MMU-Iris-2/750102.bmp,./dataset/MMU-Iris-2/750104.bmp,1
./dataset/MMU-Iris-2/750102.bmp,./dataset/MMU-Iris-2/750105.bmp,1
./dataset/MMU-Iris-2/750103.bmp,./dataset/MMU-Iris-2/750104.bmp,1
./dataset/MMU-Iris-2/750103.bmp,./dataset/MMU-Iris-2/750105.bmp,1
./dataset/MMU-Iris-2/750104.bmp,./dataset/MMU-Iris-2/750105.bmp,1
./dataset/MMU-Iris-2/760101.bmp,./dataset/MMU-Iris-2/760102.bmp,1
./dataset/MMU-Iris-2/760101.bmp,./dataset/MMU-Iris-2/760103.bmp,1
./dataset/MMU-Iris-2/760101.bmp,./dataset/MMU-Iris-2/760104.bmp,1
./dataset/MMU-Iris-2/760101.bmp,./dataset/MMU-Iris-2/760105.bmp,1
./dataset/MMU-Iris-2/760102.bmp,./dataset/MMU-Iris-2/760103.bmp,1
./dataset/MMU-Iris-2/760102.bmp,./dataset/MMU-Iris-2/760104.bmp,1
./dataset/MMU-Iris-2/760102.bmp,./dataset/MMU-Iris-2/760105.bmp,1
./dataset/MMU-Iris-2/760103.bmp,./dataset/MMU-Iris-2/760104.bmp,1
./dataset/MMU-Iris-2/760103.bmp,./dataset/MMU-Iris-2/760105.bmp,1
./dataset/MMU-Iris-2/760104.bmp,./dataset/MMU-Iris-2/760105.bmp,1
./dataset/MMU-Iris-2/770101.bmp,./dataset/MMU-Iris-2/770102.bmp,1
./dataset/MMU-Iris-2/770101.bmp,./dataset/MMU-Iris-2/770103.bmp,1
./dataset/MMU-Iris-2/770101.bmp,./dataset/MMU-Iris-2/770104.bmp,1
./dataset/MMU-Iris-2/770101.bmp,./dataset/MMU-Iris-2/770105.bmp,1
./dataset/MMU-Iris-2/770102.bmp,./dataset/MMU-Iris-2/770103.bmp,1
./dataset/MMU-Iris-2/770102.bmp,./dataset/MMU-Iris-2/770104.bmp,1
./dataset/MMU-Iris-2/770102.bmp,./dataset/MMU-Iris-2/770105.bmp,1
./dataset/MMU-Iris-2/770103.bmp,./dataset/MMU-Iris-2/770104.bmp,1
./dataset/MMU-Iris-2/770103.bmp,./dataset/MMU-Iris-2/770105.bmp,1
./dataset/MMU-Iris-2/770104.bmp,./dataset/MMU-Iris-2/770105.bmp,1
./dataset/MMU-Iris-2/780101.bmp,./dataset/MMU-Iris-2/780102.bmp,1
./dataset/MMU-Iris-2/780101.bmp,./dataset/MMU-Iris-2/780103.bmp,1
./dataset/MMU-Iris-2/780101.bmp,./dataset/MMU-Iris-2/780104.bmp,1
./dataset/MMU-Iris-2/780101.bmp,./dataset/MMU-Iris-2/780105.bmp,1
./dataset/MMU-Iris-2/780102.bmp,./dataset/MMU-Iris-2/780103.bmp,1
./dataset/MMU-Iris-2/780102.bmp,./dataset/MMU-Iris-2/780104.bmp,1
./dataset/MMU-Iris-2/780102.bmp,./dataset/MMU-Iris-2/780105.bmp,1
./dataset/MMU-Iris-2/780103.bmp,./dataset/MMU-Iris-2/780104.bmp,1
./dataset/MMU-Iris-2/780103.bmp,./dataset/MMU-Iris-2/780105.bmp,1
./dataset/MMU-Iris-2/780104.bmp,./dataset/MMU-Iris-2/780105.bmp,1
./dataset/MMU-Iris-2/790101.bmp,./dataset/MMU-Iris-2/790102.bmp,1
./dataset/MMU-Iris-2/790101.bmp,./dataset/MMU-Iris-2/790103.bmp,1
./dataset/MMU-Iris-2/790101.bmp,./dataset/MMU-Iris-2/790104.bmp,1
./dataset/MMU-Iris-2/790101.bmp,./dataset/MMU-Iris-2/790105.bmp,1
./dataset/MMU-Iris-2/790102.bmp,./dataset/MMU-Iris-2/790103.bmp,1
./dataset/MMU-Iris-2/790102.bmp,./dataset/MMU-Iris-2/790104.bmp,1
./dataset/MMU-Iris-2/790102.bmp,./dataset/MMU-Iris-2/790105.bmp,1
./dataset/MMU-Iris-2/790103.bmp,./dataset/MMU-Iris-2/790104.bmp,1
./dataset/MMU-Iris-2/790103.bmp,./dataset/MMU-Iris-2/790105.bmp,1
./dataset/MMU-Iris-2/790104.bmp,./dataset/MMU-Iris-2/790105.bmp,1
